frame,track_id,class_id,class_name,confidence,x1,y1,x2,y2
1,1,0,car,0.8058,592,195,666,240
1,2,0,car,0.7878,50,201,111,252
1,3,0,car,0.7868,417,200,483,238
1,4,0,car,0.781,895,268,957,317
1,5,0,car,0.7765,525,180,587,214
1,6,0,car,0.7508,36,186,70,218
1,7,0,car,0.7437,593,127,645,161
1,8,0,car,0.4488,973,212,1001,256
1,9,0,car,0.3121,782,125,837,158
1,10,0,car,0.3097,973,20,1002,42
2,1,0,car,0.7968,921,274,985,322
2,2,0,car,0.796,627,192,694,239
2,3,0,car,0.7851,432,200,497,238
2,4,0,car,0.7724,537,183,601,215
2,5,0,car,0.7667,78,194,133,245
2,6,0,car,0.7548,607,131,663,161
2,7,0,car,0.7142,64,181,95,210
3,1,0,car,0.7931,637,191,710,237
3,2,0,car,0.787,436,201,505,239
3,3,0,car,0.7701,547,183,608,218
3,4,0,car,0.7638,932,276,1002,327
3,5,0,car,0.7599,94,194,153,240
3,6,0,car,0.7523,616,133,672,163
3,7,0,car,0.6926,76,177,108,206
4,1,0,car,0.7914,637,191,710,237
4,2,0,car,0.7867,436,201,505,239
4,3,0,car,0.7698,546,183,608,218
4,4,0,car,0.7598,93,194,152,240
4,5,0,car,0.7585,932,276,1002,327
4,6,0,car,0.7529,616,133,672,163
4,7,0,car,0.6945,76,177,107,207
5,1,0,car,0.7966,654,190,727,238
5,2,0,car,0.7797,445,201,514,240
5,3,0,car,0.7679,555,185,619,218
5,4,0,car,0.7445,107,191,166,237
5,5,0,car,0.7347,950,280,1002,332
5,6,0,car,0.7343,628,134,685,165
5,7,0,car,0.6866,93,174,125,201
6,1,0,car,0.7888,691,190,760,237
6,2,0,car,0.7831,464,204,532,241
6,3,0,car,0.7786,0,216,45,261
6,4,0,car,0.7782,571,188,639,221
6,5,0,car,0.7528,645,139,703,168
6,6,0,car,0.7373,138,182,189,232
6,7,0,car,0.6801,122,169,153,197
6,8,0,car,0.295,986,292,1002,346
7,1,0,car,0.7903,705,190,782,238
7,2,0,car,0.7842,473,204,541,242
7,3,0,car,0.769,583,190,649,225
7,4,0,car,0.7545,657,141,710,170
7,5,0,car,0.7268,155,181,203,230
7,6,0,car,0.6426,141,167,168,195
7,7,0,car,0.2892,0,215,45,259
8,1,0,car,0.7896,725,190,799,238
8,2,0,car,0.7813,594,191,656,225
8,3,0,car,0.7813,480,205,552,243
8,4,0,car,0.7425,671,142,724,173
8,5,0,car,0.7307,167,178,219,227
8,6,0,car,0.6641,153,164,185,193
8,7,0,car,0.5396,0,213,70,256
9,1,0,car,0.794,742,190,819,239
9,2,0,car,0.7899,490,206,559,244
9,3,0,car,0.7828,598,193,667,227
9,4,0,car,0.758,680,144,735,175
9,5,0,car,0.7355,178,174,230,224
9,6,0,car,0.6638,168,162,199,191
9,7,0,car,0.3448,15,209,84,253
9,8,0,car,0.3316,0,406,29,477
10,1,0,car,0.7952,778,192,856,240
10,2,0,car,0.7906,508,207,575,247
10,3,0,car,0.7885,614,198,681,231
10,4,0,car,0.7599,698,148,752,180
10,5,0,car,0.7359,201,171,255,219
10,6,0,car,0.7206,0,388,65,465
10,7,0,car,0.6413,40,206,110,249
10,8,0,car,0.6346,194,159,223,188
10,9,0,car,0.6272,41,205,108,249
10,10,0,car,0.3115,205,158,235,187
11,1,0,car,0.7919,779,192,856,239
11,2,0,car,0.7901,508,207,575,247
11,3,0,car,0.7877,614,198,681,231
11,4,0,car,0.7639,698,148,752,180
11,5,0,car,0.7352,201,171,255,219
11,6,0,car,0.7173,0,387,65,465
11,7,0,car,0.6876,41,206,110,249
11,8,0,car,0.6375,194,159,223,188
11,9,0,car,0.3636,204,158,234,187
12,1,0,car,0.8204,0,388,81,458
12,2,0,car,0.7939,797,193,872,240
12,3,0,car,0.7918,514,208,580,248
12,4,0,car,0.7782,626,200,688,233
12,5,0,car,0.7712,709,149,764,182
12,6,0,car,0.771,52,204,119,247
12,7,0,car,0.733,215,169,267,217
12,8,0,car,0.5492,205,157,233,184
12,9,0,car,0.4998,212,156,241,183
13,1,0,car,0.8377,0,380,93,455
13,2,0,car,0.7908,516,209,587,248
13,3,0,car,0.7882,631,201,692,234
13,4,0,car,0.7866,814,194,886,240
13,5,0,car,0.7714,714,153,773,184
13,6,0,car,0.7632,61,203,129,245
13,7,0,car,0.7404,223,167,275,216
13,8,0,car,0.6344,217,156,247,179
14,1,0,car,0.8579,0,375,106,450
14,2,0,car,0.7964,522,210,590,249
14,3,0,car,0.7939,634,203,697,236
14,4,0,car,0.7849,70,202,138,244
14,5,0,car,0.7756,828,194,901,240
14,6,0,car,0.7677,722,155,779,186
14,7,0,car,0.7455,236,166,285,215
14,8,0,car,0.5997,225,155,257,179
14,9,0,car,0.4809,234,155,265,180
14,10,0,car,0.3283,993,180,1002,230
15,1,0,car,0.8702,0,369,129,439
15,2,0,car,0.797,856,194,934,240
15,3,0,car,0.7941,528,212,596,251
15,4,0,car,0.793,82,202,150,242
15,5,0,car,0.7881,638,205,706,239
15,6,0,car,0.7718,731,158,788,189
15,7,0,car,0.7401,248,163,299,212
15,8,0,car,0.6301,244,153,276,177
15,9,0,car,0.3383,236,152,267,177
15,10,0,car,0.2668,993,186,1002,236
16,1,0,car,0.8703,0,369,129,439
16,2,0,car,0.7974,856,194,934,240
16,3,0,car,0.7945,528,212,596,251
16,4,0,car,0.7944,82,202,150,242
16,5,0,car,0.7881,637,205,706,239
16,6,0,car,0.7721,731,157,788,189
16,7,0,car,0.7394,248,163,299,212
16,8,0,car,0.63,244,153,275,177
16,9,0,car,0.3358,236,152,266,177
16,10,0,car,0.2681,993,186,1002,236
17,1,0,car,0.8619,4,365,135,434
17,2,0,car,0.7998,867,194,944,240
17,3,0,car,0.7961,528,213,597,251
17,4,0,car,0.793,87,202,154,241
17,5,0,car,0.7922,640,206,706,241
17,6,0,car,0.7752,734,159,791,190
17,7,0,car,0.7427,253,162,302,211
17,8,0,car,0.6397,251,152,280,177
18,1,0,car,0.8635,13,362,144,430
18,2,0,car,0.8066,880,194,955,240
18,3,0,car,0.7966,91,202,158,241
18,4,0,car,0.796,529,214,598,252
18,5,0,car,0.7928,641,208,706,241
18,6,0,car,0.7761,736,160,793,191
18,7,0,car,0.741,259,161,305,210
18,8,0,car,0.6407,256,152,286,175
18,9,0,car,0.3486,268,70,297,91
19,1,0,car,0.8587,31,356,159,422
19,2,0,car,0.7975,529,215,599,253
19,3,0,car,0.7963,901,193,975,239
19,4,0,car,0.7954,96,203,162,241
19,5,0,car,0.7935,640,210,708,244
19,6,0,car,0.7835,739,162,797,193
19,7,0,car,0.7406,268,160,316,209
19,8,0,car,0.6255,264,151,294,174
19,9,0,car,0.4078,278,68,305,89
19,10,0,car,0.3695,274,150,304,174
20,1,0,car,0.858,31,356,159,422
20,2,0,car,0.7998,900,193,975,239
20,3,0,car,0.7981,529,215,598,253
20,4,0,car,0.7977,96,203,162,240
20,5,0,car,0.7936,640,210,707,244
20,6,0,car,0.7839,739,163,797,193
20,7,0,car,0.7397,268,160,316,209
20,8,0,car,0.629,264,151,294,174
20,9,0,car,0.3975,277,68,305,89
20,10,0,car,0.2845,276,152,306,174
21,1,0,car,0.8621,47,352,170,415
21,2,0,car,0.817,918,191,992,237
21,3,0,car,0.7981,528,216,597,253
21,4,0,car,0.7965,100,202,165,240
21,5,0,car,0.7933,637,212,705,246
21,6,0,car,0.7881,738,164,799,195
21,7,0,car,0.7377,275,158,322,206
21,8,0,car,0.6267,274,150,302,172
21,9,0,car,0.4777,283,66,310,87
21,10,0,car,0.3494,265,149,294,171
22,1,0,car,0.859,54,350,176,412
22,2,0,car,0.8102,927,190,996,237
22,3,0,car,0.7965,527,217,597,253
22,4,0,car,0.7953,100,202,166,240
22,5,0,car,0.7937,635,212,704,247
22,6,0,car,0.7878,739,164,798,196
22,7,0,car,0.7347,278,157,323,206
22,8,0,car,0.6293,276,149,304,171
22,9,0,car,0.3982,286,66,310,86
22,10,0,car,0.3017,293,66,318,86
23,1,0,car,0.8578,60,348,180,409
23,2,0,car,0.8069,933,188,1002,236
23,3,0,car,0.7974,100,202,166,240
23,4,0,car,0.797,525,217,595,253
23,5,0,car,0.794,634,212,702,246
23,6,0,car,0.7886,738,165,797,196
23,7,0,car,0.7364,280,158,326,204
23,8,0,car,0.6382,278,148,305,170
23,9,0,car,0.4238,294,66,317,85
23,10,0,car,0.3706,285,66,310,85
24,1,0,car,0.8576,60,348,180,409
24,2,0,car,0.8057,933,188,1002,237
24,3,0,car,0.7973,100,202,166,241
24,4,0,car,0.7969,525,217,595,253
24,5,0,car,0.7939,634,212,702,246
24,6,0,car,0.7884,738,165,797,196
24,7,0,car,0.7361,280,158,327,204
24,8,0,car,0.6385,278,148,305,170
24,9,0,car,0.4295,294,66,317,85
24,10,0,car,0.3681,285,66,310,85
25,1,0,car,0.8508,65,345,185,406
25,2,0,car,0.8003,99,202,166,241
25,3,0,car,0.7963,521,216,594,253
25,4,0,car,0.7955,630,212,699,247
25,5,0,car,0.7855,941,187,1002,235
25,6,0,car,0.7838,737,166,796,196
25,7,0,car,0.7383,283,157,328,204
25,8,0,car,0.6212,280,148,307,169
25,9,0,car,0.5252,293,65,318,84
26,1,0,car,0.8518,71,343,189,403
26,2,0,car,0.7987,98,202,166,241
26,3,0,car,0.7949,520,216,592,253
26,4,0,car,0.792,631,213,696,247
26,5,0,car,0.7853,736,166,795,196
26,6,0,car,0.7853,951,186,1002,235
26,7,0,car,0.7388,284,155,330,203
26,8,0,car,0.5561,278,147,307,168
26,9,0,car,0.5377,295,65,319,83
26,10,0,car,0.5115,287,146,317,167
27,1,0,car,0.8512,76,340,193,400
27,2,0,car,0.8016,97,203,165,241
27,3,0,car,0.7947,517,216,590,253
27,4,0,car,0.7879,734,166,793,196
27,5,0,car,0.7869,630,212,693,247
27,6,0,car,0.7356,286,154,332,202
27,7,0,car,0.6542,958,185,1002,232
27,8,0,car,0.5795,281,146,311,168
27,9,0,car,0.5316,294,64,318,82
27,10,0,car,0.4766,289,146,318,169
27,11,0,car,0.2964,302,64,327,83
28,1,0,car,0.8482,83,335,201,394
28,2,0,car,0.8004,92,201,165,240
28,3,0,car,0.7944,514,215,585,254
28,4,0,car,0.7892,730,166,789,196
28,5,0,car,0.7808,623,212,691,248
28,6,0,car,0.7348,288,153,335,200
28,7,0,car,0.6348,287,145,315,167
28,8,0,car,0.5507,973,181,1002,231
28,9,0,car,0.4665,298,61,321,80
29,1,0,car,0.8492,87,332,205,391
29,2,0,car,0.8022,615,213,685,247
29,3,0,car,0.7999,91,201,164,240
29,4,0,car,0.792,512,215,581,254
29,5,0,car,0.7887,728,166,788,196
29,6,0,car,0.7341,289,153,335,199
29,7,0,car,0.6276,287,144,314,165
29,8,0,car,0.5649,298,60,322,80
29,9,0,car,0.4468,979,179,1001,230
30,1,0,car,0.8533,91,331,208,388
30,2,0,car,0.8055,89,201,161,240
30,3,0,car,0.8033,611,212,681,247
30,4,0,car,0.7928,508,215,576,254
30,5,0,car,0.789,725,166,786,196
30,6,0,car,0.7334,290,152,335,198
30,7,0,car,0.6571,0,441,15,505
30,8,0,car,0.6152,288,143,314,164
30,9,0,car,0.5358,299,59,322,78
30,10,0,car,0.2742,987,182,1002,233
31,1,0,car,0.8532,91,331,208,388
31,2,0,car,0.8054,89,201,161,240
31,3,0,car,0.8033,611,212,680,247
31,4,0,car,0.7928,508,215,576,254
31,5,0,car,0.789,725,166,786,196
31,6,0,car,0.7331,290,152,335,198
31,7,0,car,0.6534,0,441,15,506
31,8,0,car,0.6173,288,143,314,164
31,9,0,car,0.5363,299,59,322,78
31,10,0,car,0.2865,987,180,1002,232
32,1,0,car,0.8495,96,328,211,385
32,2,0,car,0.8088,87,200,159,240
32,3,0,car,0.803,607,212,680,247
32,4,0,car,0.7922,506,215,575,253
32,5,0,car,0.7911,721,166,784,196
32,6,0,car,0.735,291,151,339,197
32,7,0,car,0.7053,0,435,29,503
32,8,0,car,0.6034,289,142,316,163
32,9,0,car,0.5421,301,59,324,78
32,10,0,car,0.3703,299,142,325,163
32,11,0,car,0.2619,292,59,315,77
33,1,0,car,0.85,101,322,216,380
33,2,0,car,0.8097,82,200,155,240
33,3,0,car,0.8002,495,215,568,251
33,4,0,car,0.7998,600,211,672,247
33,5,0,car,0.7849,716,166,780,195
33,6,0,car,0.7357,292,149,339,195
33,7,0,car,0.6438,0,424,56,496
33,8,0,car,0.6111,292,141,317,160
33,9,0,car,0.5602,302,58,324,76
33,10,0,car,0.3059,302,140,329,160
33,11,0,car,0.2956,294,58,316,75
34,1,0,car,0.8452,106,321,220,378
34,2,0,car,0.8097,80,200,153,240
34,3,0,car,0.7993,595,211,671,247
34,4,0,car,0.7993,492,214,566,251
34,5,0,car,0.7875,714,165,777,195
34,6,0,car,0.7341,293,147,341,194
34,7,0,car,0.7,0,420,68,494
34,8,0,car,0.5887,292,140,318,160
34,9,0,car,0.5452,303,56,326,75
34,10,0,car,0.4197,300,139,327,159
34,11,0,car,0.3536,310,56,332,75
35,1,0,car,0.8418,112,315,227,372
35,2,0,car,0.8161,76,200,149,239
35,3,0,car,0.8091,0,411,90,486
35,4,0,car,0.7983,591,210,661,247
35,5,0,car,0.798,485,213,559,250
35,6,0,car,0.7909,711,165,772,194
35,7,0,car,0.732,294,145,341,192
35,8,0,car,0.6133,293,137,321,158
35,9,0,car,0.56,305,55,327,73
36,1,0,car,0.8427,112,315,227,372
36,2,0,car,0.8204,0,412,90,486
36,3,0,car,0.8173,76,200,149,239
36,4,0,car,0.7985,590,210,661,247
36,5,0,car,0.7981,485,213,559,249
36,6,0,car,0.7919,711,165,772,195
36,7,0,car,0.7333,294,145,340,192
36,8,0,car,0.6112,293,138,320,157
36,9,0,car,0.5518,305,55,327,73
37,1,0,car,0.8507,0,408,101,481
37,2,0,car,0.839,115,313,230,370
37,3,0,car,0.8158,73,200,148,239
37,4,0,car,0.7967,588,210,658,247
37,5,0,car,0.7956,479,213,557,249
37,6,0,car,0.7906,710,165,769,194
37,7,0,car,0.7305,295,144,342,191
37,8,0,car,0.6088,296,137,324,157
37,9,0,car,0.5762,305,55,328,72
37,10,0,car,0.4806,291,137,319,156
37,11,0,car,0.2515,296,55,318,72
38,1,0,car,0.8533,0,403,115,475
38,2,0,car,0.8456,118,311,233,367
38,3,0,car,0.814,70,199,147,239
38,4,0,car,0.7959,476,212,553,248
38,5,0,car,0.7932,583,209,655,247
38,6,0,car,0.7895,706,164,766,194
38,7,0,car,0.7311,295,143,342,190
38,8,0,car,0.6252,295,136,322,156
38,9,0,car,0.5665,304,54,327,72
38,10,0,car,0.2664,316,54,338,72
39,1,0,car,0.8507,6,395,135,464
39,2,0,car,0.8383,123,306,239,362
39,3,0,car,0.8163,63,199,142,239
39,4,0,car,0.8041,573,210,647,246
39,5,0,car,0.799,471,210,546,248
39,6,0,car,0.7912,698,164,762,192
39,7,0,car,0.7265,297,141,342,188
39,8,0,car,0.6136,297,135,323,154
39,9,0,car,0.5752,306,52,328,70
39,10,0,car,0.2874,307,134,332,152
39,11,0,car,0.281,317,53,338,70
40,1,0,car,0.8516,14,390,147,459
40,2,0,car,0.8382,127,305,241,358
40,3,0,car,0.8174,61,199,138,238
40,4,0,car,0.8062,570,209,645,245
40,5,0,car,0.7973,468,209,543,247
40,6,0,car,0.7962,694,163,759,192
40,7,0,car,0.7254,298,140,343,187
40,8,0,car,0.618,297,134,323,152
40,9,0,car,0.5364,305,52,327,69
40,10,0,car,0.4212,311,52,333,70
41,1,0,car,0.8406,129,302,243,355
41,2,0,car,0.8232,22,385,160,454
41,3,0,car,0.8159,58,199,135,238
41,4,0,car,0.8049,564,209,640,245
41,5,0,car,0.7984,463,208,539,246
41,6,0,car,0.7964,692,163,756,191
41,7,0,car,0.7258,297,138,343,186
41,8,0,car,0.6149,297,133,323,151
41,9,0,car,0.4901,306,51,328,68
41,10,0,car,0.4844,304,51,325,69
41,11,0,car,0.4267,312,51,333,69
41,12,0,car,0.3747,306,133,333,151
41,13,0,car,0.2575,0,506,86,526
42,1,0,car,0.8406,129,302,243,355
42,2,0,car,0.8225,22,385,160,454
42,3,0,car,0.8158,58,198,135,238
42,4,0,car,0.8047,564,209,640,245
42,5,0,car,0.7983,463,208,539,247
42,6,0,car,0.7966,692,163,756,191
42,7,0,car,0.7257,297,138,343,186
42,8,0,car,0.6152,297,133,323,151
42,9,0,car,0.4891,306,51,328,68
42,10,0,car,0.4836,304,51,325,69
42,11,0,car,0.4259,312,51,333,69
42,12,0,car,0.3728,306,133,333,151
42,13,0,car,0.2622,0,506,79,526
43,1,0,car,0.8485,35,379,170,448
43,2,0,car,0.8384,133,300,245,354
43,3,0,car,0.8169,54,198,132,238
43,4,0,car,0.8041,458,209,536,246
43,5,0,car,0.802,560,208,637,244
43,6,0,car,0.795,689,162,754,191
43,7,0,car,0.7262,298,137,344,185
43,8,0,car,0.6223,299,132,325,150
43,9,0,car,0.5519,309,50,331,68
43,10,0,car,0.4494,303,50,327,68
43,11,0,car,0.3568,0,503,84,526
44,1,0,car,0.8509,49,376,180,441
44,2,0,car,0.8384,136,298,247,350
44,3,0,car,0.8127,52,198,126,238
44,4,0,car,0.8045,455,208,532,245
44,5,0,car,0.7999,555,207,633,244
44,6,0,car,0.7974,686,162,751,190
44,7,0,car,0.7254,299,137,344,183
44,8,0,car,0.6113,300,131,325,149
44,9,0,car,0.566,308,50,330,67
44,10,0,car,0.2648,300,50,322,66
45,1,0,car,0.848,62,373,192,437
45,2,0,car,0.8389,139,295,250,347
45,3,0,car,0.8232,49,196,128,238
45,4,0,car,0.8018,451,208,529,244
45,5,0,car,0.7997,552,206,628,243
45,6,0,car,0.7956,681,161,750,190
45,7,0,car,0.7283,300,136,346,182
45,8,0,car,0.6162,301,130,327,149
45,9,0,car,0.5956,308,49,331,66
45,10,0,car,0.2566,0,494,99,526
46,1,0,car,0.8379,143,292,256,341
46,2,0,car,0.8372,83,365,216,428
46,3,0,car,0.826,43,195,124,237
46,4,0,car,0.7999,546,205,619,242
46,5,0,car,0.7988,442,206,521,242
46,6,0,car,0.793,676,160,744,190
46,7,0,car,0.7291,301,134,347,180
46,8,0,car,0.6119,301,128,327,147
46,9,0,car,0.5728,310,48,332,65
46,10,0,car,0.2577,301,48,321,64
47,1,0,car,0.8329,146,288,258,339
47,2,0,car,0.8312,39,194,122,237
47,3,0,car,0.8239,95,360,222,422
47,4,0,car,0.799,437,205,519,242
47,5,0,car,0.797,540,204,616,242
47,6,0,car,0.794,673,159,741,189
47,7,0,car,0.7289,301,133,348,179
47,8,0,car,0.5965,303,127,328,146
47,9,0,car,0.5412,308,47,330,64
47,10,0,car,0.4845,298,127,324,146
47,11,0,car,0.4147,314,47,337,64
48,1,0,car,0.8328,147,288,258,339
48,2,0,car,0.8311,40,194,122,237
48,3,0,car,0.8302,97,359,222,423
48,4,0,car,0.7987,437,205,519,242
48,5,0,car,0.7967,540,204,616,242
48,6,0,car,0.7946,673,159,741,189
48,7,0,car,0.7292,301,133,348,179
48,8,0,car,0.5965,303,127,329,146
48,9,0,car,0.5299,308,47,330,63
48,10,0,car,0.4616,297,127,323,145
48,11,0,car,0.4226,315,47,337,64
49,1,0,car,0.8319,34,194,115,236
49,2,0,car,0.8316,121,350,249,415
49,3,0,car,0.8289,152,284,263,334
49,4,0,car,0.8031,530,204,606,240
49,5,0,car,0.7964,430,203,511,240
49,6,0,car,0.7935,671,157,733,188
49,7,0,car,0.7303,302,132,349,177
49,8,0,car,0.6117,303,125,328,144
49,9,0,car,0.5654,311,46,333,62
49,10,0,car,0.3542,311,124,338,143
49,11,0,car,0.2812,303,46,324,61
50,1,0,car,0.8356,30,194,113,236
50,2,0,car,0.8279,154,281,264,331
50,3,0,car,0.8194,130,346,260,410
50,4,0,car,0.8002,526,203,599,240
50,5,0,car,0.7994,426,202,507,239
50,6,0,car,0.7902,666,156,729,188
50,7,0,car,0.7268,302,130,350,177
50,8,0,car,0.5656,310,45,331,61
50,9,0,car,0.5374,305,124,333,143
50,10,0,car,0.5223,298,124,325,143
50,11,0,car,0.3165,302,45,323,61
51,1,0,car,0.8343,25,192,111,235
51,2,0,car,0.8286,156,279,265,329
51,3,0,car,0.8018,424,201,503,238
51,4,0,car,0.8013,519,203,598,238
51,5,0,car,0.7864,664,156,728,188
51,6,0,car,0.762,144,342,275,406
51,7,0,car,0.7288,302,129,350,175
51,8,0,car,0.5905,303,123,331,141
51,9,0,car,0.5771,310,44,332,60
51,10,0,car,0.3173,302,43,323,60
51,11,0,car,0.315,294,123,321,140
52,1,0,car,0.8344,160,275,272,322
52,2,0,car,0.8307,17,192,105,235
52,3,0,car,0.8257,175,334,294,391
52,4,0,car,0.803,413,200,496,236
52,5,0,car,0.8,512,201,590,237
52,6,0,car,0.7991,653,155,720,186
52,7,0,car,0.7271,303,127,350,173
52,8,0,car,0.6042,304,121,331,139
52,9,0,car,0.5898,610,509,743,526
52,10,0,car,0.5868,310,43,331,59
52,11,0,car,0.2692,312,120,337,139
52,12,0,car,0.267,322,43,341,58
53,1,0,car,0.8349,160,275,272,322
53,2,0,car,0.8309,17,192,105,235
53,3,0,car,0.8267,175,334,294,391
53,4,0,car,0.8037,414,200,496,236
53,5,0,car,0.8009,512,201,591,237
53,6,0,car,0.7993,653,155,721,186
53,7,0,car,0.7261,304,127,350,173
53,8,0,car,0.6025,305,121,331,139
53,9,0,car,0.5789,311,43,332,59
53,10,0,car,0.5618,610,509,746,526
53,11,0,car,0.3128,313,120,337,139
53,12,0,car,0.2908,303,43,322,58
53,13,0,car,0.2663,322,43,341,58
54,1,0,car,0.8325,13,191,101,234
54,2,0,car,0.8324,161,273,274,319
54,3,0,car,0.8282,181,328,307,388
54,4,0,car,0.8021,410,199,492,235
54,5,0,car,0.8,509,200,584,237
54,6,0,car,0.7971,650,154,717,185
54,7,0,car,0.7239,304,126,350,172
54,8,0,car,0.6703,611,505,744,526
54,9,0,car,0.5975,305,121,331,138
54,10,0,car,0.5088,308,42,330,58
54,11,0,car,0.5028,314,41,334,59
54,12,0,car,0.2568,315,120,338,137
55,1,0,car,0.8386,8,191,98,234
55,2,0,car,0.8297,162,271,277,318
55,3,0,car,0.8127,196,323,317,386
55,4,0,car,0.8009,405,198,488,235
55,5,0,car,0.8,646,154,714,185
55,6,0,car,0.7974,505,199,579,236
55,7,0,car,0.7263,304,125,350,171
55,8,0,car,0.718,610,503,720,526
55,9,0,car,0.5891,305,120,332,137
55,10,0,car,0.5552,311,41,333,57
55,11,0,car,0.3102,303,41,324,57
56,1,0,car,0.8434,4,191,93,233
56,2,0,car,0.8287,165,268,278,316
56,3,0,car,0.8099,208,320,328,381
56,4,0,car,0.8025,497,198,576,235
56,5,0,car,0.8003,399,197,483,234
56,6,0,car,0.796,642,153,711,184
56,7,0,car,0.7516,612,500,719,526
56,8,0,car,0.731,305,125,350,170
56,9,0,car,0.5816,305,119,331,136
56,10,0,car,0.5577,312,41,333,57
56,11,0,car,0.3462,305,41,325,57
56,12,0,car,0.3173,313,119,341,136
57,1,0,car,0.85,0,189,87,234
57,2,0,car,0.8291,168,263,281,312
57,3,0,car,0.823,223,312,350,373
57,4,0,car,0.7999,486,197,566,234
57,5,0,car,0.7998,391,195,475,233
57,6,0,car,0.7931,634,153,704,183
57,7,0,car,0.7816,611,494,732,526
57,8,0,car,0.7308,305,123,351,169
57,9,0,car,0.6001,306,117,333,135
57,10,0,car,0.5644,311,40,333,56
57,11,0,car,0.3303,304,40,324,55
58,1,0,car,0.8503,0,190,83,234
58,2,0,car,0.8301,236,308,356,369
58,3,0,car,0.8286,170,261,281,310
58,4,0,car,0.7993,386,195,470,232
58,5,0,car,0.7972,479,197,561,234
58,6,0,car,0.7943,632,152,699,182
58,7,0,car,0.7762,611,492,722,526
58,8,0,car,0.7297,305,122,351,168
58,9,0,car,0.6028,305,116,332,134
58,10,0,car,0.5702,311,39,332,55
58,11,0,car,0.3273,315,116,340,134
58,12,0,car,0.3097,303,39,322,55
59,1,0,car,0.8502,0,190,83,234
59,2,0,car,0.8288,170,261,281,310
59,3,0,car,0.8286,237,308,356,369
59,4,0,car,0.7991,386,195,470,232
59,5,0,car,0.7973,479,197,561,234
59,6,0,car,0.7943,632,152,699,182
59,7,0,car,0.7743,611,492,723,526
59,8,0,car,0.7301,305,122,351,168
59,9,0,car,0.6027,305,116,332,134
59,10,0,car,0.5696,311,39,332,55
59,11,0,car,0.324,315,116,340,134
59,12,0,car,0.3066,303,39,322,55
60,1,0,car,0.8465,0,190,81,232
60,2,0,car,0.826,171,259,282,308
60,3,0,car,0.824,246,304,366,367
60,4,0,car,0.7988,473,196,556,233
60,5,0,car,0.7983,383,194,464,231
60,6,0,car,0.7944,630,151,694,182
60,7,0,car,0.7933,612,490,713,526
60,8,0,car,0.7275,306,121,350,167
60,9,0,car,0.5954,305,116,331,134
60,10,0,car,0.5607,311,39,332,55
60,11,0,car,0.3032,302,39,321,54
60,12,0,car,0.2829,315,115,339,133
61,1,0,car,0.8444,0,189,76,232
61,2,0,car,0.8258,257,300,377,360
61,3,0,car,0.8257,173,258,284,305
61,4,0,car,0.8006,611,487,715,526
61,5,0,car,0.8,377,194,461,231
61,6,0,car,0.7988,469,195,552,233
61,7,0,car,0.7811,627,150,693,182
61,8,0,car,0.7261,306,120,350,167
61,9,0,car,0.5974,305,116,331,133
61,10,0,car,0.5672,311,38,331,53
61,11,0,car,0.2705,301,38,318,53
62,1,0,car,0.8314,284,293,397,350
62,2,0,car,0.8313,0,187,67,231
62,3,0,car,0.8273,178,254,287,300
62,4,0,car,0.827,614,482,713,526
62,5,0,car,0.8021,370,192,452,229
62,6,0,car,0.7967,461,195,542,232
62,7,0,car,0.7914,615,149,684,181
62,8,0,car,0.7284,306,118,350,164
62,9,0,car,0.5913,305,113,331,131
62,10,0,car,0.5212,314,36,334,53
62,11,0,car,0.4749,308,37,329,52
62,12,0,car,0.4136,313,113,339,131
63,1,0,car,0.8342,0,187,62,229
63,2,0,car,0.8317,614,479,716,526
63,3,0,car,0.8263,179,252,288,299
63,4,0,car,0.8232,291,290,409,346
63,5,0,car,0.8003,364,192,448,229
63,6,0,car,0.7992,455,194,538,231
63,7,0,car,0.7935,614,149,680,180
63,8,0,car,0.7269,306,117,350,163
63,9,0,car,0.611,306,112,333,130
63,10,0,car,0.5385,311,37,332,52
63,11,0,car,0.2595,301,37,321,51
64,1,0,car,0.8331,0,187,62,229
64,2,0,car,0.8314,614,480,716,526
64,3,0,car,0.8268,179,252,289,299
64,4,0,car,0.8237,291,290,409,346
64,5,0,car,0.7998,364,192,448,229
64,6,0,car,0.7981,455,194,537,231
64,7,0,car,0.7927,614,149,680,180
64,8,0,car,0.7262,307,117,350,163
64,9,0,car,0.6086,306,112,333,130
64,10,0,car,0.5384,311,36,332,52
64,11,0,car,0.2614,302,37,322,51
65,1,0,car,0.8291,0,187,59,229
65,2,0,car,0.8288,612,477,719,526
65,3,0,car,0.8235,299,287,422,343
65,4,0,car,0.8218,181,250,290,297
65,5,0,car,0.8008,449,193,534,230
65,6,0,car,0.7983,358,191,443,228
65,7,0,car,0.7905,611,148,675,179
65,8,0,car,0.7245,307,117,350,162
65,9,0,car,0.6056,307,111,332,129
65,10,0,car,0.5545,311,36,332,51
65,11,0,car,0.3052,303,36,322,51
66,1,0,car,0.839,611,472,722,526
66,2,0,car,0.8289,323,279,437,337
66,3,0,car,0.8205,0,185,50,229
66,4,0,car,0.8113,189,245,292,292
66,5,0,car,0.7971,435,191,523,230
66,6,0,car,0.797,349,189,434,225
66,7,0,car,0.7894,601,147,669,178
66,8,0,car,0.726,306,115,350,160
66,9,0,car,0.6076,306,110,331,127
66,10,0,car,0.5501,311,35,331,50
66,11,0,car,0.3427,303,35,323,50
67,1,0,car,0.8396,611,469,724,526
67,2,0,car,0.8263,331,276,449,330
67,3,0,car,0.8147,0,185,44,230
67,4,0,car,0.8126,188,243,294,290
67,5,0,car,0.7986,345,189,427,224
67,6,0,car,0.7962,430,191,516,229
67,7,0,car,0.7855,597,146,665,177
67,8,0,car,0.7292,307,115,350,159
67,9,0,car,0.601,306,109,331,126
67,10,0,car,0.5485,311,35,331,50
67,11,0,car,0.3144,303,35,322,49
68,1,0,car,0.8417,612,467,723,526
68,2,0,car,0.823,341,273,459,328
68,3,0,car,0.815,186,241,295,289
68,4,0,car,0.8091,0,186,38,229
68,5,0,car,0.8009,339,188,423,223
68,6,0,car,0.7945,427,190,511,228
68,7,0,car,0.7858,596,146,661,177
68,8,0,car,0.7308,306,114,350,158
68,9,0,car,0.59,306,108,331,126
68,10,0,car,0.5704,310,34,331,49
68,11,0,car,0.3085,301,35,321,48
69,1,0,car,0.844,611,465,725,526
69,2,0,car,0.8254,353,271,469,324
69,3,0,car,0.8152,190,240,296,287
69,4,0,car,0.807,0,186,33,227
69,5,0,car,0.8028,334,189,417,223
69,6,0,car,0.795,421,189,505,228
69,7,0,car,0.7878,593,145,656,177
69,8,0,car,0.7304,305,113,350,158
69,9,0,car,0.5849,306,107,332,125
69,10,0,car,0.5793,309,34,330,48
69,11,0,car,0.3796,297,107,325,125
69,12,0,car,0.2866,315,106,339,124
70,1,0,car,0.8447,611,465,725,526
70,2,0,car,0.826,353,271,469,324
70,3,0,car,0.8153,190,240,296,286
70,4,0,car,0.8074,0,186,33,227
70,5,0,car,0.803,334,188,417,223
70,6,0,car,0.7957,421,189,505,228
70,7,0,car,0.788,593,145,656,177
70,8,0,car,0.7306,305,113,350,158
70,9,0,car,0.5793,309,34,330,48
70,10,0,car,0.5272,307,108,333,125
70,11,0,car,0.4429,303,107,329,125
70,12,0,car,0.2644,294,107,321,125
71,1,0,car,0.846,611,462,727,526
71,2,0,car,0.8263,365,267,476,319
71,3,0,car,0.8147,189,238,296,285
71,4,0,car,0.798,414,188,499,227
71,5,0,car,0.7972,326,187,412,222
71,6,0,car,0.7878,0,185,28,228
71,7,0,car,0.7817,589,145,652,177
71,8,0,car,0.7292,305,112,350,157
71,9,0,car,0.5918,305,107,331,124
71,10,0,car,0.5859,308,34,329,48
71,11,0,car,0.3506,314,107,338,124
71,12,0,car,0.2774,983,462,1002,526
72,1,0,car,0.8465,611,456,730,526
72,2,0,car,0.8223,384,260,498,312
72,3,0,car,0.8188,185,234,299,282
72,4,0,car,0.8023,315,186,404,222
72,5,0,car,0.7943,401,188,489,226
72,6,0,car,0.7922,577,144,642,175
72,7,0,car,0.723,306,111,349,155
72,8,0,car,0.5891,305,107,330,123
72,9,0,car,0.5466,306,33,327,47
72,10,0,car,0.529,0,182,17,222
72,11,0,car,0.3904,313,33,334,48
72,12,0,car,0.2948,0,513,108,526
72,13,0,car,0.2567,982,449,1002,526
73,1,0,car,0.8476,610,454,731,526
73,2,0,car,0.8264,394,259,506,309
73,3,0,car,0.8189,186,233,300,280
73,4,0,car,0.8022,311,185,398,222
73,5,0,car,0.7978,394,187,484,226
73,6,0,car,0.7964,571,144,639,174
73,7,0,car,0.7232,305,110,349,154
73,8,0,car,0.5902,305,106,330,122
73,9,0,car,0.5281,0,180,11,222
73,10,0,car,0.4924,305,32,325,47
73,11,0,car,0.491,309,32,330,46
73,12,0,car,0.4086,313,32,333,47
73,13,0,car,0.3608,0,510,98,526
74,1,0,car,0.8507,609,449,731,526
74,2,0,car,0.8189,187,229,302,276
74,3,0,car,0.8141,416,255,527,303
74,4,0,car,0.8024,301,184,388,220
74,5,0,car,0.7994,385,185,470,224
74,6,0,car,0.7927,562,143,633,173
74,7,0,car,0.7253,304,108,349,152
74,8,0,car,0.5517,307,31,328,46
74,9,0,car,0.5118,307,103,332,120
74,10,0,car,0.444,311,104,334,120
74,11,0,car,0.431,0,507,123,526
74,12,0,car,0.3737,298,104,322,120
74,13,0,car,0.2814,297,31,318,46
75,1,0,car,0.8503,609,449,731,526
75,2,0,car,0.8193,187,229,302,276
75,3,0,car,0.8141,416,253,528,302
75,4,0,car,0.8017,302,184,388,220
75,5,0,car,0.7998,385,185,471,224
75,6,0,car,0.7937,562,143,633,173
75,7,0,car,0.7268,304,108,349,152
75,8,0,car,0.5536,308,31,329,46
75,9,0,car,0.5113,307,103,332,120
75,10,0,car,0.4406,311,104,334,120
75,11,0,car,0.4204,0,507,118,526
75,12,0,car,0.3688,298,104,322,120
75,13,0,car,0.3008,298,31,319,45
76,1,0,car,0.8528,609,445,732,526
76,2,0,car,0.8179,185,226,303,275
76,3,0,car,0.8151,425,251,538,300
76,4,0,car,0.802,381,185,463,223
76,5,0,car,0.7977,296,184,381,218
76,6,0,car,0.7952,557,142,629,173
76,7,0,car,0.7249,304,107,349,151
76,8,0,car,0.5546,303,103,327,120
76,9,0,car,0.5471,307,31,328,45
76,10,0,car,0.4893,309,103,333,120
76,11,0,car,0.3824,0,505,131,526
76,12,0,car,0.3124,298,31,318,45
76,13,0,car,0.2604,975,423,1002,526
77,1,0,car,0.8562,610,443,731,526
77,2,0,car,0.8191,186,224,304,274
77,3,0,car,0.8145,438,248,547,295
77,4,0,car,0.8029,290,183,376,217
77,5,0,car,0.8007,374,184,459,222
77,6,0,car,0.7933,556,140,624,172
77,7,0,car,0.727,304,107,350,150
77,8,0,car,0.5645,306,102,331,119
77,9,0,car,0.5514,308,31,328,45
77,10,0,car,0.4318,0,504,152,526
77,11,0,car,0.4155,299,102,324,119
77,12,0,car,0.325,299,30,320,45
78,1,0,car,0.8569,609,437,733,526
78,2,0,car,0.8195,193,220,304,270
78,3,0,car,0.8143,457,239,567,288
78,4,0,car,0.8039,276,180,366,216
78,5,0,car,0.7966,359,182,450,222
78,6,0,car,0.792,547,139,614,172
78,7,0,car,0.7307,303,105,350,149
78,8,0,car,0.5406,307,101,331,117
78,9,0,car,0.538,307,30,327,44
78,10,0,car,0.4411,298,101,323,117
78,11,0,car,0.401,0,498,196,526
78,12,0,car,0.3655,300,30,318,44
79,1,0,car,0.8594,610,434,736,526
79,2,0,car,0.8177,468,238,575,285
79,3,0,car,0.8172,193,218,305,268
79,4,0,car,0.8023,271,179,360,215
79,5,0,car,0.7934,352,181,444,221
79,6,0,car,0.7913,543,137,614,172
79,7,0,car,0.7269,304,104,349,148
79,8,0,car,0.5586,305,29,326,44
79,9,0,car,0.5506,0,495,156,526
79,10,0,car,0.5121,300,100,325,116
79,11,0,car,0.476,309,100,333,116
79,12,0,car,0.372,300,29,318,43
80,1,0,car,0.8642,611,430,739,526
80,2,0,car,0.8196,196,216,306,266
80,3,0,car,0.8185,479,236,586,282
80,4,0,car,0.8057,266,178,356,215
80,5,0,car,0.7983,537,137,607,171
80,6,0,car,0.7856,347,180,439,219
80,7,0,car,0.7277,304,103,350,147
80,8,0,car,0.6304,0,494,157,526
80,9,0,car,0.5469,306,29,326,43
80,10,0,car,0.5354,307,99,332,116
80,11,0,car,0.4579,300,99,325,115
80,12,0,car,0.3412,299,29,318,43
81,1,0,car,0.8643,611,430,739,526
81,2,0,car,0.8195,196,216,306,266
81,3,0,car,0.8186,479,236,586,283
81,4,0,car,0.806,267,178,356,215
81,5,0,car,0.7985,537,136,607,171
81,6,0,car,0.7863,347,180,439,219
81,7,0,car,0.7275,304,103,350,147
81,8,0,car,0.6311,0,494,158,526
81,9,0,car,0.5454,306,29,326,43
81,10,0,car,0.5347,307,99,332,115
81,11,0,car,0.4652,300,99,325,115
81,12,0,car,0.3399,300,29,318,43
82,1,0,car,0.8668,610,427,736,526
82,2,0,car,0.8229,195,215,308,263
82,3,0,car,0.8133,482,234,596,281
82,4,0,car,0.8066,262,177,352,213
82,5,0,car,0.7949,531,136,603,170
82,6,0,car,0.7898,342,181,430,217
82,7,0,car,0.7301,304,102,349,146
82,8,0,car,0.6959,0,490,145,526
82,9,0,car,0.5493,305,29,325,43
82,10,0,car,0.5016,304,99,328,115
82,11,0,car,0.479,299,99,325,115
82,12,0,car,0.4149,309,98,334,114
82,13,0,car,0.3449,298,29,316,42
82,14,0,car,0.3105,313,99,337,115
83,1,0,car,0.8664,610,424,735,526
83,2,0,car,0.8232,197,213,309,261
83,3,0,car,0.8131,498,233,609,277
83,4,0,car,0.8077,256,177,345,212
83,5,0,car,0.7954,526,136,599,169
83,6,0,car,0.792,336,179,426,216
83,7,0,car,0.734,0,487,147,526
83,8,0,car,0.7329,304,102,349,145
83,9,0,car,0.5566,304,97,328,114
83,10,0,car,0.5556,303,28,324,42
83,11,0,car,0.4853,309,97,333,114
84,1,0,car,0.8695,611,422,737,526
84,2,0,car,0.8213,199,211,311,259
84,3,0,car,0.8138,509,227,616,272
84,4,0,car,0.8071,250,176,341,211
84,5,0,car,0.7957,329,178,422,216
84,6,0,car,0.7916,519,135,596,169
84,7,0,car,0.727,304,100,349,144
84,8,0,car,0.7203,0,485,181,526
84,9,0,car,0.5548,304,97,329,113
84,10,0,car,0.5386,303,28,324,42
84,11,0,car,0.4518,310,97,334,113
84,12,0,car,0.3596,311,28,332,42
85,1,0,car,0.8687,611,414,738,526
85,2,0,car,0.8206,529,221,633,263
85,3,0,car,0.8198,202,207,313,255
85,4,0,car,0.8061,238,174,330,208
85,5,0,car,0.7926,313,176,409,214
85,6,0,car,0.7923,511,133,588,167
85,7,0,car,0.7432,0,479,184,526
85,8,0,car,0.7266,303,98,348,141
85,9,0,car,0.5543,303,95,327,111
85,10,0,car,0.5174,304,27,325,41
85,11,0,car,0.4328,310,95,334,111
85,12,0,car,0.3135,294,27,315,41
85,13,0,car,0.2687,295,95,321,110
86,1,0,car,0.8695,611,411,740,526
86,2,0,car,0.8222,205,204,313,253
86,3,0,car,0.8166,538,217,645,259
86,4,0,car,0.8027,232,173,326,208
86,5,0,car,0.7948,509,133,582,167
86,6,0,car,0.7925,309,175,402,213
86,7,0,car,0.7632,0,475,187,526
86,8,0,car,0.7271,303,97,349,140
86,9,0,car,0.5236,304,27,324,40
86,10,0,car,0.5139,306,94,328,110
86,11,0,car,0.4983,299,94,323,110
86,12,0,car,0.3825,311,93,336,110
86,13,0,car,0.3223,295,27,315,41
87,1,0,car,0.8697,611,411,740,526
87,2,0,car,0.8222,205,204,313,253
87,3,0,car,0.8167,538,217,645,259
87,4,0,car,0.8027,232,173,326,208
87,5,0,car,0.7948,509,133,582,167
87,6,0,car,0.7924,309,175,402,213
87,7,0,car,0.7602,0,475,183,526
87,8,0,car,0.7276,303,97,349,140
87,9,0,car,0.5232,304,27,324,40
87,10,0,car,0.5115,306,94,328,110
87,11,0,car,0.4986,299,94,323,110
87,12,0,car,0.3811,311,93,336,110
87,13,0,car,0.3188,295,27,315,41
88,1,0,car,0.871,611,408,740,526
88,2,0,car,0.8238,206,202,314,252
88,3,0,car,0.8211,546,214,655,257
88,4,0,car,0.8067,225,171,320,207
88,5,0,car,0.7936,505,132,578,166
88,6,0,car,0.7896,303,173,397,212
88,7,0,car,0.7283,303,97,349,139
88,8,0,car,0.7231,0,472,204,526
88,9,0,car,0.5765,304,93,328,110
88,10,0,car,0.5397,303,26,323,40
88,11,0,car,0.3272,313,93,337,110
88,12,0,car,0.313,295,26,315,40
89,1,0,car,0.8713,611,404,741,526
89,2,0,car,0.8224,208,199,315,250
89,3,0,car,0.8137,558,212,664,253
89,4,0,car,0.8084,222,171,314,206
89,5,0,car,0.7957,499,131,571,165
89,6,0,car,0.7881,297,172,391,210
89,7,0,car,0.7377,0,470,179,526
89,8,0,car,0.7288,304,96,350,139
89,9,0,car,0.5724,303,92,328,109
89,10,0,car,0.5296,304,25,324,40
89,11,0,car,0.4321,311,92,336,109
89,12,0,car,0.3064,296,26,316,40
90,1,0,car,0.8684,611,402,742,523
90,2,0,car,0.8199,209,196,316,248
90,3,0,car,0.8032,216,169,311,205
90,4,0,car,0.8014,568,208,674,251
90,5,0,car,0.796,494,130,568,164
90,6,0,car,0.7895,293,171,384,209
90,7,0,car,0.7808,0,467,186,526
90,8,0,car,0.7255,303,95,350,137
90,9,0,car,0.5758,303,92,328,108
90,10,0,car,0.5362,304,25,323,39
90,11,0,car,0.4135,311,92,336,108
90,12,0,car,0.3496,297,25,316,39
91,1,0,car,0.8753,614,395,742,516
91,2,0,car,0.8185,210,193,319,243
91,3,0,car,0.8171,591,202,692,243
91,4,0,car,0.812,204,167,302,205
91,5,0,car,0.8008,486,130,562,162
91,6,0,car,0.7955,0,461,185,526
91,7,0,car,0.7819,278,170,374,206
91,8,0,car,0.728,303,93,350,135
91,9,0,car,0.5497,302,90,327,106
91,10,0,car,0.5308,303,25,322,38
91,11,0,car,0.4894,308,90,334,106
91,12,0,car,0.3163,296,24,314,38
92,1,0,car,0.8769,614,392,742,513
92,2,0,car,0.8166,600,198,703,239
92,3,0,car,0.8156,0,460,175,526
92,4,0,car,0.8122,210,191,321,240
92,5,0,car,0.811,196,166,294,204
92,6,0,car,0.7976,479,129,559,161
92,7,0,car,0.7888,270,169,366,206
92,8,0,car,0.732,304,92,350,135
92,9,0,car,0.5426,303,24,322,38
92,10,0,car,0.5266,305,89,329,106
92,11,0,car,0.5252,300,89,325,105
92,12,0,car,0.3489,311,88,337,105
93,1,0,car,0.8764,614,392,742,513
93,2,0,car,0.8316,0,460,178,526
93,3,0,car,0.8164,600,198,703,240
93,4,0,car,0.8122,210,191,321,240
93,5,0,car,0.8111,196,166,295,204
93,6,0,car,0.7984,479,129,560,161
93,7,0,car,0.7883,271,169,366,205
93,8,0,car,0.7301,304,92,350,135
93,9,0,car,0.5391,300,89,326,105
93,10,0,car,0.5288,303,24,322,38
93,11,0,car,0.501,306,89,330,106
93,12,0,car,0.3479,311,88,337,105
94,1,0,car,0.8767,613,389,743,510
94,2,0,car,0.8377,0,457,186,526
94,3,0,car,0.8208,608,194,710,237
94,4,0,car,0.8082,190,165,289,203
94,5,0,car,0.8079,210,188,323,238
94,6,0,car,0.7942,475,128,554,160
94,7,0,car,0.7804,271,168,360,203
94,8,0,car,0.7291,303,91,349,134
94,9,0,car,0.5691,303,88,328,105
94,10,0,car,0.4869,301,23,321,37
94,11,0,car,0.3625,312,88,336,105
94,12,0,car,0.3227,295,88,320,105
94,13,0,car,0.2551,310,87,335,104
95,1,0,car,0.8768,613,385,744,509
95,2,0,car,0.8378,0,453,185,526
95,3,0,car,0.814,615,192,723,232
95,4,0,car,0.8075,212,187,324,235
95,5,0,car,0.8027,188,164,286,202
95,6,0,car,0.7953,471,128,549,160
95,7,0,car,0.7741,269,166,354,200
95,8,0,car,0.7275,304,90,349,133
95,9,0,car,0.5645,304,88,328,104
95,10,0,car,0.4659,302,23,322,37
95,11,0,car,0.4482,311,88,335,104
96,1,0,car,0.8769,613,385,744,509
96,2,0,car,0.8404,0,454,184,526
96,3,0,car,0.8122,616,191,723,232
96,4,0,car,0.8071,212,187,324,235
96,5,0,car,0.8022,188,164,286,201
96,6,0,car,0.7949,471,127,549,160
96,7,0,car,0.7733,268,166,354,200
96,8,0,car,0.7266,304,90,349,133
96,9,0,car,0.57,303,88,328,104
96,10,0,car,0.4798,302,23,322,37
96,11,0,car,0.4598,310,88,335,105
97,1,0,car,0.8779,613,385,744,510
97,2,0,car,0.8363,0,454,184,526
97,3,0,car,0.8126,617,192,723,231
97,4,0,car,0.8073,212,187,323,235
97,5,0,car,0.803,188,164,286,201
97,6,0,car,0.7956,471,128,548,160
97,7,0,car,0.7752,268,166,354,200
97,8,0,car,0.7276,304,90,349,132
97,9,0,car,0.5717,304,88,329,105
97,10,0,car,0.4916,302,23,322,37
97,11,0,car,0.4559,311,88,335,105
98,1,0,car,0.8783,614,385,744,511
98,2,0,car,0.8324,0,453,185,526
98,3,0,car,0.8137,619,192,722,231
98,4,0,car,0.8075,212,187,324,235
98,5,0,car,0.8016,188,164,286,201
98,6,0,car,0.7952,471,128,549,160
98,7,0,car,0.7757,266,166,354,200
98,8,0,car,0.7275,304,90,349,132
98,9,0,car,0.5682,304,88,329,104
98,10,0,car,0.5034,302,23,322,37
98,11,0,car,0.4667,311,88,335,104
99,1,0,car,0.8785,614,385,744,511
99,2,0,car,0.8328,0,453,185,526
99,3,0,car,0.8134,620,192,722,231
99,4,0,car,0.8073,212,187,324,235
99,5,0,car,0.8021,188,164,285,201
99,6,0,car,0.7954,471,127,549,160
99,7,0,car,0.7742,266,166,354,200
99,8,0,car,0.7275,304,91,349,132
99,9,0,car,0.5727,303,88,328,104
99,10,0,car,0.501,302,23,322,37
99,11,0,car,0.4391,311,88,335,104
100,1,0,car,0.8785,614,385,744,511
100,2,0,car,0.8336,0,453,185,526
100,3,0,car,0.8136,620,192,722,231
100,4,0,car,0.8072,212,187,324,235
100,5,0,car,0.8023,188,164,285,201
100,6,0,car,0.7955,471,127,549,160
100,7,0,car,0.7742,266,166,354,200
100,8,0,car,0.7275,304,91,349,132
100,9,0,car,0.5725,303,88,328,104
100,10,0,car,0.5008,302,23,322,37
100,11,0,car,0.4393,311,88,335,104
101,1,0,car,0.8791,614,385,744,512
101,2,0,car,0.8367,0,454,183,526
101,3,0,car,0.8142,619,192,722,232
101,4,0,car,0.8066,211,187,324,235
101,5,0,car,0.804,187,164,285,201
101,6,0,car,0.7952,471,128,549,159
101,7,0,car,0.7737,267,166,354,200
101,8,0,car,0.7265,304,91,349,132
101,9,0,car,0.571,303,88,328,104
101,10,0,car,0.4948,302,23,321,37
101,11,0,car,0.448,311,88,335,104
102,1,0,car,0.8785,613,385,744,511
102,2,0,car,0.8406,0,454,181,526
102,3,0,car,0.813,619,191,723,231
102,4,0,car,0.8063,212,187,324,235
102,5,0,car,0.8023,189,164,285,201
102,6,0,car,0.7954,471,128,549,159
102,7,0,car,0.7712,267,166,354,200
102,8,0,car,0.7262,304,91,349,132
102,9,0,car,0.5693,304,88,328,104
102,10,0,car,0.4975,302,23,322,37
102,11,0,car,0.4513,311,88,335,104
103,1,0,car,0.8785,613,385,744,511
103,2,0,car,0.8441,0,453,180,526
103,3,0,car,0.8127,618,191,723,231
103,4,0,car,0.8065,212,187,324,235
103,5,0,car,0.8018,189,164,285,201
103,6,0,car,0.7954,471,128,549,159
103,7,0,car,0.7706,267,166,355,200
103,8,0,car,0.7255,304,91,349,132
103,9,0,car,0.5684,304,88,328,104
103,10,0,car,0.5033,302,23,322,37
103,11,0,car,0.4469,311,88,335,104
104,1,0,car,0.8788,614,385,744,511
104,2,0,car,0.8419,0,453,180,526
104,3,0,car,0.8129,618,191,723,231
104,4,0,car,0.8066,212,187,324,235
104,5,0,car,0.8019,189,164,285,201
104,6,0,car,0.7955,471,128,549,159
104,7,0,car,0.7706,267,166,355,200
104,8,0,car,0.726,305,91,349,132
104,9,0,car,0.5693,304,88,328,104
104,10,0,car,0.5002,302,23,322,37
104,11,0,car,0.447,311,88,335,104
105,1,0,car,0.8784,613,385,744,512
105,2,0,car,0.8404,0,454,180,526
105,3,0,car,0.8107,618,192,723,231
105,4,0,car,0.8067,212,187,324,235
105,5,0,car,0.8012,189,165,285,201
105,6,0,car,0.7948,471,127,549,159
105,7,0,car,0.7704,267,166,355,200
105,8,0,car,0.7257,304,91,349,132
105,9,0,car,0.57,304,88,328,104
105,10,0,car,0.4991,302,23,322,37
105,11,0,car,0.4463,311,88,335,104
106,1,0,car,0.8782,613,385,744,512
106,2,0,car,0.8439,0,454,179,526
106,3,0,car,0.8123,619,192,723,231
106,4,0,car,0.8066,212,187,324,235
106,5,0,car,0.8012,188,164,285,201
106,6,0,car,0.795,471,127,549,159
106,7,0,car,0.7703,267,166,355,200
106,8,0,car,0.726,304,91,349,132
106,9,0,car,0.5707,304,88,328,104
106,10,0,car,0.5008,302,23,322,37
106,11,0,car,0.442,311,88,335,104
107,1,0,car,0.8784,613,385,744,512
107,2,0,car,0.844,0,454,180,526
107,3,0,car,0.8119,619,191,723,231
107,4,0,car,0.8071,212,187,323,235
107,5,0,car,0.8013,189,164,285,201
107,6,0,car,0.7945,471,127,548,159
107,7,0,car,0.7699,267,166,354,200
107,8,0,car,0.7264,304,91,349,132
107,9,0,car,0.57,304,88,328,104
107,10,0,car,0.517,302,23,322,37
107,11,0,car,0.4281,311,88,335,104
108,1,0,car,0.8782,613,385,744,512
108,2,0,car,0.8434,0,454,180,526
108,3,0,car,0.8122,619,191,723,231
108,4,0,car,0.8068,212,187,323,235
108,5,0,car,0.8011,189,164,285,201
108,6,0,car,0.794,471,128,548,159
108,7,0,car,0.7702,267,166,354,200
108,8,0,car,0.726,304,91,349,132
108,9,0,car,0.5716,304,88,328,104
108,10,0,car,0.5194,302,23,322,37
108,11,0,car,0.4309,311,88,335,104
109,1,0,car,0.8792,613,385,744,512
109,2,0,car,0.847,0,454,179,526
109,3,0,car,0.812,619,192,723,231
109,4,0,car,0.8065,212,187,323,235
109,5,0,car,0.8014,189,165,285,201
109,6,0,car,0.794,471,127,548,159
109,7,0,car,0.7699,267,166,354,200
109,8,0,car,0.7261,304,91,348,132
109,9,0,car,0.5705,304,88,328,104
109,10,0,car,0.5073,302,23,322,37
109,11,0,car,0.4136,312,88,335,104
110,1,0,car,0.8792,613,385,744,512
110,2,0,car,0.8472,0,454,179,526
110,3,0,car,0.8119,619,192,723,231
110,4,0,car,0.8062,212,187,323,235
110,5,0,car,0.8011,189,165,285,201
110,6,0,car,0.7939,471,127,548,159
110,7,0,car,0.77,267,166,354,200
110,8,0,car,0.726,304,91,348,132
110,9,0,car,0.5703,304,88,328,104
110,10,0,car,0.5078,302,23,322,37
110,11,0,car,0.424,312,88,335,104
111,1,0,car,0.8792,613,385,744,511
111,2,0,car,0.8436,0,454,180,526
111,3,0,car,0.81,617,192,723,232
111,4,0,car,0.8061,211,187,323,235
111,5,0,car,0.8019,188,164,285,201
111,6,0,car,0.7937,471,128,548,159
111,7,0,car,0.7713,266,166,354,200
111,8,0,car,0.7253,304,91,348,132
111,9,0,car,0.5682,304,88,328,104
111,10,0,car,0.5081,302,23,321,37
111,11,0,car,0.4223,311,88,335,104
112,1,0,car,0.8793,613,385,744,512
112,2,0,car,0.844,0,454,180,526
112,3,0,car,0.8099,617,192,723,231
112,4,0,car,0.8059,211,187,323,235
112,5,0,car,0.8023,187,165,285,201
112,6,0,car,0.7936,471,128,548,159
112,7,0,car,0.7711,266,166,354,200
112,8,0,car,0.7249,304,91,348,132
112,9,0,car,0.5676,304,88,328,104
112,10,0,car,0.5101,302,23,321,37
112,11,0,car,0.44,311,88,335,104
113,1,0,car,0.8796,613,385,744,512
113,2,0,car,0.8447,0,454,180,526
113,3,0,car,0.8099,617,192,723,231
113,4,0,car,0.8062,212,187,323,235
113,5,0,car,0.8023,188,165,285,201
113,6,0,car,0.7939,471,128,548,159
113,7,0,car,0.7711,266,166,354,200
113,8,0,car,0.7244,304,91,348,132
113,9,0,car,0.5688,304,88,328,104
113,10,0,car,0.5095,302,23,321,37
113,11,0,car,0.4284,311,88,335,104
114,1,0,car,0.8797,613,385,744,512
114,2,0,car,0.8448,0,454,181,526
114,3,0,car,0.8089,617,192,723,232
114,4,0,car,0.8063,212,187,323,235
114,5,0,car,0.8032,187,165,285,201
114,6,0,car,0.7938,471,128,548,159
114,7,0,car,0.771,266,166,354,200
114,8,0,car,0.7247,304,91,348,132
114,9,0,car,0.5692,304,88,328,104
114,10,0,car,0.5137,302,23,321,37
114,11,0,car,0.4262,311,88,335,104
115,1,0,car,0.8797,613,385,744,512
115,2,0,car,0.845,0,454,181,526
115,3,0,car,0.8092,617,192,723,232
115,4,0,car,0.8063,212,187,323,235
115,5,0,car,0.8031,187,164,286,201
115,6,0,car,0.7936,471,128,549,159
115,7,0,car,0.771,265,166,354,200
115,8,0,car,0.7246,304,91,348,132
115,9,0,car,0.5693,304,88,328,104
115,10,0,car,0.5144,302,23,321,37
115,11,0,car,0.4254,311,88,335,104
116,1,0,car,0.8778,613,385,744,511
116,2,0,car,0.8443,0,454,181,526
116,3,0,car,0.8098,618,192,723,232
116,4,0,car,0.8059,212,187,323,235
116,5,0,car,0.802,187,165,285,201
116,6,0,car,0.792,471,128,548,159
116,7,0,car,0.7707,266,166,354,200
116,8,0,car,0.7237,304,91,348,132
116,9,0,car,0.5675,304,88,328,104
116,10,0,car,0.5217,302,23,322,37
116,11,0,car,0.4228,311,88,335,104
117,1,0,car,0.8781,613,385,744,511
117,2,0,car,0.8437,0,454,181,526
117,3,0,car,0.8094,618,192,723,231
117,4,0,car,0.8062,212,187,323,235
117,5,0,car,0.802,187,165,285,201
117,6,0,car,0.7924,471,128,549,159
117,7,0,car,0.7709,267,166,354,200
117,8,0,car,0.7237,304,91,348,132
117,9,0,car,0.5674,304,88,328,104
117,10,0,car,0.5188,302,23,322,37
117,11,0,car,0.4263,311,88,335,104
118,1,0,car,0.8778,613,385,744,511
118,2,0,car,0.8455,0,454,181,526
118,3,0,car,0.8096,618,192,723,232
118,4,0,car,0.8058,212,187,323,235
118,5,0,car,0.8019,187,165,285,201
118,6,0,car,0.7924,471,128,548,159
118,7,0,car,0.7702,266,166,354,200
118,8,0,car,0.7241,304,91,348,132
118,9,0,car,0.5672,304,88,328,104
118,10,0,car,0.5223,302,23,322,37
118,11,0,car,0.4261,311,88,335,104
119,1,0,car,0.8781,613,385,744,511
119,2,0,car,0.8447,0,454,180,526
119,3,0,car,0.8091,618,192,723,231
119,4,0,car,0.806,212,187,323,235
119,5,0,car,0.802,187,165,285,201
119,6,0,car,0.7924,471,128,549,159
119,7,0,car,0.7708,266,166,354,200
119,8,0,car,0.7238,304,91,348,132
119,9,0,car,0.5675,304,88,328,104
119,10,0,car,0.5195,302,23,322,37
119,11,0,car,0.4284,311,88,335,104
120,1,0,car,0.8778,613,385,744,511
120,2,0,car,0.8461,0,454,181,526
120,3,0,car,0.8094,618,192,723,232
120,4,0,car,0.8057,212,187,323,235
120,5,0,car,0.8019,187,165,285,201
120,6,0,car,0.7924,471,128,549,159
120,7,0,car,0.7704,266,166,354,200
120,8,0,car,0.7242,304,91,348,132
120,9,0,car,0.5672,304,88,328,104
120,10,0,car,0.5227,302,23,322,37
120,11,0,car,0.4261,311,88,335,104
121,1,0,car,0.8781,613,385,744,511
121,2,0,car,0.8447,0,454,180,526
121,3,0,car,0.8092,618,192,723,231
121,4,0,car,0.806,212,187,323,235
121,5,0,car,0.802,187,165,285,201
121,6,0,car,0.7924,471,128,549,159
121,7,0,car,0.7708,266,166,354,200
121,8,0,car,0.7238,304,91,348,132
121,9,0,car,0.5676,304,88,328,104
121,10,0,car,0.5196,302,23,322,37
121,11,0,car,0.4283,311,88,335,104
122,1,0,car,0.8778,613,385,744,511
122,2,0,car,0.8461,0,454,181,526
122,3,0,car,0.8094,618,192,723,232
122,4,0,car,0.8057,212,187,323,235
122,5,0,car,0.8019,187,165,285,201
122,6,0,car,0.7924,471,128,549,159
122,7,0,car,0.7704,266,166,354,200
122,8,0,car,0.7242,304,91,348,132
122,9,0,car,0.5672,304,88,328,104
122,10,0,car,0.5227,302,23,322,37
122,11,0,car,0.4261,311,88,335,104
123,1,0,car,0.8781,613,385,744,511
123,2,0,car,0.8447,0,454,180,526
123,3,0,car,0.8092,618,192,723,231
123,4,0,car,0.806,212,187,323,235
123,5,0,car,0.802,187,165,285,201
123,6,0,car,0.7924,471,128,549,159
123,7,0,car,0.7708,266,166,354,200
123,8,0,car,0.7238,304,91,348,132
123,9,0,car,0.5676,304,88,328,104
123,10,0,car,0.5196,302,23,322,37
123,11,0,car,0.4283,311,88,335,104
124,1,0,car,0.8789,613,385,744,511
124,2,0,car,0.8436,0,454,182,526
124,3,0,car,0.8097,617,192,722,232
124,4,0,car,0.8061,212,187,323,235
124,5,0,car,0.8021,188,165,285,201
124,6,0,car,0.7936,471,128,549,159
124,7,0,car,0.7717,266,166,354,200
124,8,0,car,0.7256,304,91,348,132
124,9,0,car,0.568,304,88,328,104
124,10,0,car,0.5174,302,23,321,37
124,11,0,car,0.4237,312,88,335,104
125,1,0,car,0.8792,613,385,744,511
125,2,0,car,0.8415,0,454,183,526
125,3,0,car,0.8097,616,192,723,232
125,4,0,car,0.8063,212,187,323,235
125,5,0,car,0.8022,188,164,285,201
125,6,0,car,0.7939,471,128,549,159
125,7,0,car,0.7716,267,166,354,200
125,8,0,car,0.725,304,91,348,132
125,9,0,car,0.5677,304,88,328,104
125,10,0,car,0.5133,302,23,321,37
125,11,0,car,0.4207,312,88,335,104
126,1,0,car,0.8777,613,385,744,511
126,2,0,car,0.8413,0,454,184,526
126,3,0,car,0.809,616,192,723,232
126,4,0,car,0.8051,212,187,323,235
126,5,0,car,0.8008,188,164,285,201
126,6,0,car,0.7927,471,128,549,159
126,7,0,car,0.7709,266,166,354,200
126,8,0,car,0.7237,304,91,348,132
126,9,0,car,0.5674,304,88,328,104
126,10,0,car,0.5179,302,23,322,37
126,11,0,car,0.4244,312,88,335,104
127,1,0,car,0.8791,613,385,744,511
127,2,0,car,0.8435,0,454,182,526
127,3,0,car,0.8111,618,192,722,231
127,4,0,car,0.8065,212,187,323,235
127,5,0,car,0.8026,188,165,285,201
127,6,0,car,0.794,471,128,549,159
127,7,0,car,0.7721,267,166,354,200
127,8,0,car,0.7256,304,91,348,132
127,9,0,car,0.5684,304,88,328,104
127,10,0,car,0.5131,302,23,321,37
127,11,0,car,0.4218,312,88,335,104
128,1,0,car,0.8774,613,385,744,511
128,2,0,car,0.8407,0,454,183,526
128,3,0,car,0.8093,617,192,723,232
128,4,0,car,0.805,212,187,323,235
128,5,0,car,0.8012,188,164,285,201
128,6,0,car,0.7926,471,128,549,159
128,7,0,car,0.7709,266,166,354,200
128,8,0,car,0.7236,304,91,348,132
128,9,0,car,0.5686,304,88,328,104
128,10,0,car,0.5169,302,23,322,37
128,11,0,car,0.4227,312,88,335,104
129,1,0,car,0.8793,613,385,744,511
129,2,0,car,0.8411,0,453,181,526
129,3,0,car,0.812,616,191,723,231
129,4,0,car,0.8069,212,187,324,235
129,5,0,car,0.8003,189,164,286,201
129,6,0,car,0.7949,471,128,549,159
129,7,0,car,0.7712,266,166,355,200
129,8,0,car,0.7248,304,91,349,132
129,9,0,car,0.5725,304,88,329,104
129,10,0,car,0.4894,302,23,322,37
129,11,0,car,0.43,312,88,335,104
130,1,0,car,0.8792,613,385,744,511
130,2,0,car,0.8408,0,454,181,526
130,3,0,car,0.8117,616,192,723,232
130,4,0,car,0.8068,212,187,324,235
130,5,0,car,0.801,188,164,286,201
130,6,0,car,0.7948,471,128,549,159
130,7,0,car,0.7712,266,166,355,200
130,8,0,car,0.725,304,91,349,132
130,9,0,car,0.5728,304,88,329,104
130,10,0,car,0.4895,302,23,322,37
130,11,0,car,0.4291,312,88,335,104
131,1,0,car,0.8796,613,385,744,511
131,2,0,car,0.8391,0,453,181,526
131,3,0,car,0.8128,617,191,723,231
131,4,0,car,0.8068,212,187,324,235
131,5,0,car,0.8008,188,164,286,201
131,6,0,car,0.7948,471,128,548,159
131,7,0,car,0.7708,266,166,355,200
131,8,0,car,0.725,304,91,349,132
131,9,0,car,0.5724,304,88,329,104
131,10,0,car,0.4914,302,23,322,37
131,11,0,car,0.4296,312,88,335,104
132,1,0,car,0.8798,613,385,744,511
132,2,0,car,0.8403,0,453,181,526
132,3,0,car,0.8127,617,191,723,231
132,4,0,car,0.8068,212,187,324,235
132,5,0,car,0.8008,188,164,286,201
132,6,0,car,0.7949,471,128,548,159
132,7,0,car,0.7711,266,166,355,200
132,8,0,car,0.7249,304,91,349,132
132,9,0,car,0.5724,304,88,329,104
132,10,0,car,0.4923,302,23,322,37
132,11,0,car,0.4313,312,88,335,104
133,1,0,car,0.88,613,385,744,511
133,2,0,car,0.8391,0,454,181,526
133,3,0,car,0.8122,614,191,723,232
133,4,0,car,0.8066,212,187,324,235
133,5,0,car,0.8006,188,164,286,201
133,6,0,car,0.7948,471,128,548,159
133,7,0,car,0.7721,266,166,355,200
133,8,0,car,0.7249,304,91,349,132
133,9,0,car,0.5719,304,88,329,104
133,10,0,car,0.4879,302,23,322,37
133,11,0,car,0.4316,312,88,335,104
134,1,0,car,0.8797,613,385,744,511
134,2,0,car,0.837,0,453,180,526
134,3,0,car,0.8116,614,192,723,232
134,4,0,car,0.8066,212,188,324,235
134,5,0,car,0.8003,188,164,286,201
134,6,0,car,0.7945,471,128,548,159
134,7,0,car,0.7716,265,166,355,200
134,8,0,car,0.725,304,91,348,132
134,9,0,car,0.569,304,88,329,104
134,10,0,car,0.498,302,23,322,37
134,11,0,car,0.4368,311,88,335,104
135,1,0,car,0.8797,613,385,744,511
135,2,0,car,0.8379,0,454,181,526
135,3,0,car,0.8111,613,191,723,232
135,4,0,car,0.8068,212,187,324,235
135,5,0,car,0.8005,188,164,286,201
135,6,0,car,0.7946,471,128,548,159
135,7,0,car,0.7718,265,166,355,200
135,8,0,car,0.7246,304,91,349,132
135,9,0,car,0.5706,304,88,329,104
135,10,0,car,0.4878,302,23,322,37
135,11,0,car,0.4309,311,88,335,104
136,1,0,car,0.8797,613,385,744,511
136,2,0,car,0.8364,0,453,180,526
136,3,0,car,0.8113,614,192,723,232
136,4,0,car,0.8067,212,188,324,235
136,5,0,car,0.8001,188,164,286,201
136,6,0,car,0.7944,471,128,548,159
136,7,0,car,0.7717,265,166,355,200
136,8,0,car,0.725,304,91,349,132
136,9,0,car,0.5692,304,88,329,104
136,10,0,car,0.492,302,23,322,37
136,11,0,car,0.4316,312,88,335,104
137,1,0,car,0.8797,613,385,744,511
137,2,0,car,0.838,0,454,181,526
137,3,0,car,0.8111,613,191,723,232
137,4,0,car,0.8068,212,187,324,235
137,5,0,car,0.8005,188,164,286,201
137,6,0,car,0.7945,471,128,548,159
137,7,0,car,0.7717,265,166,355,200
137,8,0,car,0.7246,304,91,349,132
137,9,0,car,0.5705,304,88,328,104
137,10,0,car,0.4873,302,23,322,37
137,11,0,car,0.4312,311,88,335,104
